gender,age,annual Salary,credit card debt,net worth,car purchase amount
0.0,0.32514570479401905,0.629180348375,0.4886039681909548,0.62206020514135,0.5230320046478873
1.0,0.3997396504999192,0.451080629125,0.3260606262311557,0.2062519108489933,0.2890079132394366
0.0,0.7815691900027749,0.4421029645,0.6619571090452262,0.5535718084946902,0.6454580849295775
0.0,0.8105846594560321,0.48547463600000007,0.6376289311557789,0.6114896846893029,0.7130285377464789
0.0,0.22685083308931375,0.267024380625,0.5354526844221106,0.6046954958886613,0.22891453816901408
1.0,0.2787268810868919,0.8058473735,0.3855499923115578,0.452983178723968,0.5405762287323943
0.0,0.46584216259186484,0.6761314123750001,0.5415925743718593,0.20345550222115666,0.4693178236619718
0.0,0.5062639933041821,0.546093735,0.6694154879396985,0.34021536715471307,0.464946473943662
1.0,0.5541911245960708,0.5778341127500001,0.4227042673869346,0.3377435769267335,0.5122022483098592
0.0,0.5124631138016101,0.546614071,0.6234772542713568,0.2505282269493239,0.4333330709859155
1.0,0.5642227815130434,0.40667759724999997,0.37606803281407036,0.3847982974399361,0.42831636056338035
0.0,0.4570326383828043,0.81844552525,0.6877462020100502,0.246542123012078,0.571386997887324
0.0,0.8335283981319807,0.38858606025,0.610780875879397,0.032651954686156774,0.43537481126760563
0.0,0.6572099462520092,0.4133196468750001,0.8897274407035175,0.41307163402121905,0.49841667774647885
0.0,0.6732334998648698,0.4912177038750001,0.4770066908040201,0.5554440181734766,0.6136671150704225
0.0,0.6982921822177802,0.5336192455000001,0.43377604798994973,0.4666387308381279,0.6200262076056338
0.0,0.7513266593884879,0.6226307831250001,0.23037972025125628,0.71240309899313,0.8050520414084508
0.0,0.6196844163352987,0.5050547992500001,0.20597181547738694,0.50003117809289,0.569013667746479
0.0,0.29619057651254355,0.8021395898749999,0.634152972361809,0.22263071977873322,0.4570664567605634
0.0,0.35474767126383955,0.38214324612500006,0.6652426391959798,0.3301526378609187,0.2680452091549296
1.0,0.7948270452137415,0.7207763862500001,0.6705978045226131,0.31228084847970433,0.7340629502816902
1.0,0.5112294572284737,0.525539577875,0.24525971331658294,0.339210441745994,0.4544440745070422
0.0,0.5046594854616752,0.74727376575,0.555181067839196,0.4108571734957583,0.6194914663380282
0.0,0.2778991775455941,0.44471050850000005,0.4671360990452261,0.46006810204560084,0.3140921615492958
0.0,0.5943534104191307,0.7179433181250001,0.3428217506532663,0.02132634086757034,0.49905235873239445
0.0,0.39208317471484555,0.5459491578750001,0.47899371381909545,0.04769935783937081,0.28171910774647885
0.0,0.4371902447294024,0.555155387625,0.5200813155778894,0.33667609633237816,0.4287246970422535
0.0,0.7465688245568666,0.378018623125,0.7395833648241206,0.5961316363928252,0.601177585774648
0.0,0.7961005754539731,0.5863184555000001,0.501381704522613,0.6412094245429782,0.7801646346478872
1.0,0.48886211657755896,0.31880935825,0.45957119527638196,0.3568407895238393,0.31726830014084506
1.0,0.41125173948522187,0.610744561125,0.6691969984924624,0.4713249903354233,0.5021177567605635
0.0,0.7760166752918093,0.38312056150000007,0.5583778974874373,0.5534792835912283,0.6048123323943662
0.0,0.7992771868119116,0.7695744958749999,0.45085744015075374,0.5312182146094014,0.854499634084507
0.0,0.5307009534145614,0.4172803366250001,0.24901686984924623,0.42238285869408615,0.4302694421126761
0.0,0.839843989697539,0.5702161468750001,0.718205443718593,0.5479873503645392,0.7586539452112677
1.0,0.4646197940525286,0.392743847125,0.5643821341708543,0.625976056317231,0.45669015718309863
0.0,0.37424408508753715,0.6156061912499999,0.31888366738693463,0.2781135536997032,0.406755688028169
0.0,0.4023254910271604,0.62015015375,0.4032964318090452,0.48471571195951124,0.5081465060563382
1.0,0.5674294632940821,0.40852580012500006,0.6238452407035175,0.5365176473387601,0.49157341464788734
0.0,0.4188225011388127,0.653472826125,0.677431028643216,0.1798368070483447,0.4179529630985916
0.0,0.7115352070818771,0.5282868556250001,0.5872301100502513,0.2809734729593717,0.5507621385915493
0.0,0.464810093065927,0.28722928550000004,0.44141259748743716,0.4765963049868701,0.3306823602816902
0.0,0.7588457338143567,0.517886676875,0.5759333492462312,0.40530659307233996,0.6212800073239437
1.0,0.6703714739087129,0.636209106625,0.5876753336683417,0.38149758964098657,0.6348608540845071
1.0,0.5286586203973122,0.44292550575,0.9343289708542712,0.297309487404636,0.3956890187323944
1.0,0.4107795749149512,0.424016668875,0.44955683869346735,0.5014001601857291,0.3954482405633803
1.0,0.5451414701331466,0.400345479625,0.5960228025125628,0.6795285023419281,0.5300773847887323
0.0,0.5537892597796406,0.513291953875,0.6013198849246231,0.4954724454598236,0.5336938897183099
0.0,0.35753624591909905,0.36683006250000005,0.2878301681407035,0.4647587762639264,0.3133801130985916
1.0,0.4424344347677738,0.44393741750000004,0.3974733572361809,0.37685105502066507,0.37724541000000006
1.0,0.742897090873243,0.60624814525,0.7075111778894472,0.4120892677587838,0.6705915188732394
1.0,0.46462359378296114,0.614689925375,0.29847208638190953,0.3063565631966571,0.4705355809859156
0.0,0.7116327741128469,0.6348409705,0.5052935150753769,0.8497228109579195,0.8440154150704224
0.0,0.49914355447865455,0.5407484796250001,0.5726407030150753,0.35229247205668157,0.46217916436619727
0.0,0.3861469302003253,0.58350342625,0.5107110045226131,0.5442351648176924,0.49902300323943666
1.0,0.5357422743623629,0.44572071012500003,0.47866329577889444,0.35956364947126446,0.42634618436619715
1.0,0.7720779782168207,0.74212547475,0.7199077814070352,0.5356488823739751,0.8228501849295775
0.0,0.5458401169953361,0.5288889551250001,0.48904810603015075,0.8255656130186368,0.6699153063380281
0.0,0.5195600189104604,0.5396619661250001,0.3131759748743718,0.4409331206233522,0.5086330347887325
1.0,0.4449949194830223,0.33361769875,0.38842037698492465,0.6047426987162964,0.3992695404225352
1.0,0.5259651344248216,0.668455281125,0.4802415153768844,0.3686803067023127,0.5653874892957746
1.0,0.3955030105801848,0.629767187375,0.332605880201005,0.2853217871871368,0.4310738870422535
0.0,0.4567476832123628,0.45859924362500004,0.5390533366834172,0.7840951086879699,0.5565752584507042
1.0,0.40842466903166763,0.5361483195,0.6242683678391959,0.5712743557246631,0.49287830591549303
0.0,0.6359848322072105,0.35933395825000003,0.19213101396984925,0.1947304482126201,0.36510462619718315
0.0,0.4749416565665018,0.5670507917500001,0.38891529628140703,0.5675811798844931,0.5500373367605633
0.0,0.16158538759090058,0.7855316731250002,0.6533747763819095,0.296145707647461,0.3966416046478874
1.0,0.6091071017874446,0.39690293062500004,0.547019927638191,0.6186778065898122,0.5413377838028168
0.0,0.10449799891549261,0.31365925912500003,0.5668388381909548,0.1346241099571016,0.0
1.0,0.20878764752587564,0.5240362137500001,0.5159046864321608,0.3040438586692538,0.26178476816901414
1.0,0.04035535066094631,0.289147301375,0.5435749216080401,0.3074277645585504,0.015383451971830997
0.0,0.6559873196900966,0.42978435125000003,0.3437214256783919,0.16796400777397752,0.41088501436619723
0.0,0.7036520698617666,0.5553759247500001,0.3429199413567839,0.6552472896878577,0.7118084967605633
0.0,0.4622980829048067,0.321520854375,0.7110816070351759,0.7845170002132413,0.473139246056338
1.0,0.44588370255624965,0.4178432740000001,0.39211575834170853,0.21668393131007524,0.2991635176056338
0.0,0.4119796560734006,0.625649254125,0.23122191834170855,0.602624230495774,0.5640965321126761
0.0,0.46401129854352974,0.6854321396249999,0.465629525678392,0.7039781460260889,0.672738694084507
0.0,0.44673704050936647,0.505405045875,0.5687167120603015,0.39822254012433556,0.4272000178873239
0.0,0.7556813128631533,0.6011313587500001,0.3056266787939698,0.2964427035916899,0.6289512477464789
0.0,0.46384141781080823,0.5040650845000001,0.5039253819095477,0.035244109069399704,0.29231919309859156
1.0,0.4114904265072554,0.639921600375,0.18868005914572866,0.7560281930271522,0.633710467887324
0.0,0.6298345514092297,0.5444106468750001,0.46469866984924624,0.4596950422767441,0.5838749204225353
0.0,0.8316583073894995,0.52049704825,0.8929968668341709,0.6751498890101705,0.7728019790140845
1.0,0.1763237033152193,0.6146494101250001,0.3143132575879397,0.6020052086533052,0.41838955478873235
1.0,0.4983371211565317,0.5480721482500001,0.38501751396984923,0.4908491824556772,0.5212972698591549
1.0,0.5250845344397566,0.36748430487500006,0.3464631817085427,0.15084394572482446,0.28768774661971835
0.0,0.6270979696143762,0.8015119371250001,0.4772117131155779,0.0,0.562758565633803
1.0,0.4578496453853711,0.4899478623750001,0.42886315532663316,0.5608058058027541,0.4884635671830985
0.0,0.8887393857082347,0.520828565,0.5815439105527638,0.2797678475803081,0.6496610192957748
0.0,0.5420240714260428,0.3515421228750001,0.04128311675376885,0.38849609219587117,0.3818703304225352
0.0,0.46198320215896604,0.7208146493750001,0.6637627798994975,0.3309290104173645,0.5459248488732396
1.0,0.549088813284423,0.4900736293750001,0.13011648005025128,0.8521641971556446,0.657758223802817
1.0,0.8413331204957083,0.5831926775,0.3970675528643216,0.7994833622720178,0.8675910940845071
1.0,0.5082741007339981,0.6771674048749999,0.5635978020100503,0.5076738808840543,0.6156208726760564
1.0,0.4408969068827706,0.6243367405000001,0.4477712880904523,0.7721836987095124,0.6475073936619717
1.0,0.5366241584081767,0.428492449625,0.2813660710552764,0.09987571317129636,0.31289636760563383
0.0,0.8024897716411153,0.426535978375,0.7570288974874372,0.2332330939922183,0.5208045777464789
1.0,0.4513095989922341,0.304707777625,0.6917130929648242,0.2377922650524688,0.23904164408450707
0.0,0.23687298896543396,0.672101556625,0.40362179477386934,0.5501171432147747,0.46981252816901414
1.0,0.7626076152198916,0.555332451625,0.47309774010050254,0.11286064039883499,0.5311341576056339
1.0,0.30375367798220765,0.44273445075000006,0.4390781335175879,0.2932166169841374,0.2617774757746479
0.0,0.40155247697470986,0.6188327658750001,0.26881768829145725,0.39234657420779134,0.47019790535211264
0.0,0.49130437086980017,0.45546630050000003,0.5207026512562815,0.22764270907130962,0.35407939859154935
1.0,0.3774119462725113,0.6142760515000001,0.4325382679396985,0.3818860257362945,0.44900269112676056
0.0,0.6135717828266559,0.64616809275,0.719672511557789,0.5036371568148436,0.6562352652112675
1.0,0.4003654234346383,0.540134529375,0.17878709638190957,0.6548043222827423,0.5237864104225354
1.0,0.7006444031734117,0.653775402875,0.5383797261306532,0.21218799087255402,0.5965593042253521
1.0,0.7270934039664197,0.5876899215,0.6482619944723618,0.3366578617939821,0.6195989671830986
1.0,0.6207341703937267,0.37691794312500004,0.3264328487437186,0.24590850911553036,0.3875733797183099
0.0,0.7606512335777139,0.668905158625,0.5504660693467337,0.21451477208092679,0.6423406716901408
0.0,0.7418491524545224,0.48960009387500003,0.5213287371859296,0.6126858906732559,0.6756786063380282
0.0,0.30347890471750893,0.42944699375000006,0.49792803869346736,0.5608033689417585,0.35945318563380285
1.0,0.7485495051069896,0.450825960625,0.25807838693467333,0.48347089929626186,0.6037533407042255
1.0,0.5314325192368146,0.7803205848750001,0.3731282464321608,0.6752157665521566,0.761101467887324
1.0,0.460040034339105,0.434373580625,0.3784767749246231,0.1285805570496611,0.282987761971831
0.0,0.6274151370575597,0.653277530625,0.6042625055276382,0.16452062433031928,0.5343060245070423
0.0,0.24185892483264237,0.50731068225,0.40369142261306534,0.10466588937514822,0.19154167084507046
1.0,0.2579600228035148,0.3401458515000001,0.2108153436683417,0.5261508791825867,0.26233016112676055
0.0,0.6366953061464556,0.36741834799999995,0.5739506984924623,0.46020918744023015,0.4759717352112676
1.0,0.3818951276716547,0.4410748281250001,0.8724660834170854,0.7268251943361219,0.4787365147887324
1.0,0.6638772532531082,0.6922634463750001,0.3932190748241206,0.5320761501552815,0.726298427746479
1.0,0.6903996177928323,0.47514542375,0.48856413025125633,0.539614451007363,0.6072803930985915
1.0,0.6022652619812175,0.34325685112500004,0.3671122749246231,0.41429010000874084,0.4222348532394366
0.0,0.6246028975560886,0.688951326625,0.29495812070351757,0.21059178612498214,0.5735395890140844
1.0,0.4651965618628495,0.27969017800000007,0.2996282090452261,0.4959827394180265,0.3338067423943662
1.0,0.4650234954893919,0.5851708000000001,0.7717934005025125,0.589229312438428,0.5642980760563381
1.0,0.5299820845625213,0.7143284497500001,0.39212738442211054,0.4020895334151053,0.6100561115492957
0.0,0.48464794903222397,0.562017413125,0.3409911546231155,0.2446515332354247,0.42443704549295774
0.0,0.4742190922824433,0.569121291625,0.19260493291457287,0.3353945370520874,0.4588077097183099
1.0,0.4487013980550423,0.440093209875,0.4963032591457286,0.26558047722263556,0.3343352361971831
1.0,0.7092488413958195,0.6946400235,0.6425904015075377,0.3998015163911978,0.7019794315492958
1.0,0.24398327150591248,0.0,0.7116486296482413,0.5671088646039566,0.05486922084507043
0.0,0.841422425962533,0.25484900875000005,0.2844925395979899,0.6117415550372733,0.585069037887324
1.0,0.5367699706174582,0.247681525,0.29439498432160804,0.30704760848259277,0.2806437392957747
1.0,0.6339305603501949,0.62844608825,0.5155364718592964,0.2317566354150885,0.5490721187323944
0.0,0.2672413397801814,0.4364055053750001,0.4072142025125628,0.5243056142592202,0.3280449264788733
0.0,0.6560453263526899,0.2877480937500001,0.4234690593467337,0.4391503315737123,0.4284900547887324
0.0,0.28574319680820315,0.573994966375,0.37660120567839195,0.5307015770357226,0.42863952549295775
1.0,0.5143772844431758,0.39883562775000003,0.6827622788944723,0.059285503607116846,0.26493264985915493
0.0,0.6260200047513839,0.8148311151250001,0.6187453216080402,0.5336238837018773,0.7823262449295776
1.0,0.4290963795231164,0.5728265363750001,0.5836870050251256,0.40001592796084234,0.4602787732394366
0.0,0.7401573514792003,0.60977696475,0.48797752211055273,0.3315146209606211,0.6392574263380282
0.0,0.45446239581455383,0.36828829374999994,0.3205103771859297,0.1787327529652799,0.2577911414084507
1.0,0.6078342681476475,0.6668588431250001,0.4105883094974874,0.601628536849321,0.7048663815492957
0.0,0.7408908822270929,0.5747619521250001,0.34719527829145724,0.149555052921786,0.545295218169014
0.0,0.3504501864331735,0.342490353375,0.7267659266331657,0.5244825472997128,0.31747575605633804
1.0,0.490282795337897,0.44258077687499997,0.473496306281407,0.5095738976681157,0.45713635169014083
0.0,0.615623339898833,0.40329622575,0.4391336436683417,0.19046401782233868,0.3792749864788732
0.0,0.5605366441578813,0.5885076775,0.39097606346733665,0.22250463050715957,0.47698891183098596
1.0,0.48620030121196456,0.34490059362500003,0.6566662125628141,0.4579849064338796,0.37237754211267604
0.0,0.3331592178563543,0.29674972862500004,0.2931245088442211,0.5032574180779488,0.2699276111267606
1.0,0.43115862445930153,0.508219919375,0.16237712296482415,0.37474007421474104,0.41053523422535215
0.0,0.24831648469648349,0.6694859167500001,0.5560063577889447,0.2811993218001574,0.36815842154929573
1.0,0.603831709375484,0.44116884712500004,0.47060754261306537,0.6191426404221457,0.5664791802816902
0.0,0.5398106303036295,0.38368033837500004,0.5418040713567839,0.5760347712402618,0.47531745422535215
1.0,0.40760224678280377,0.21200962425000003,0.08386303708542715,0.6195085725088917,0.30614901126760563
1.0,0.37541077562307423,0.49146171299999997,0.6128814864321608,0.4967771146464036,0.41555485126760555
1.0,0.5558744162732966,0.46710070275000004,0.5063188226130654,0.4508127690206644,0.487910665774648
0.0,0.8292066523200653,0.23473979950000007,0.6361254185929648,0.5694915468213285,0.5483935126760564
1.0,0.4877012116788194,0.5060987645,0.49301696442211057,0.46346544178821014,0.47759537028169013
0.0,0.43995942673868216,0.530331547375,0.3276346571356784,0.6198081974731916,0.5269363071830986
0.0,0.5476265257106426,0.5683518025000001,0.3592231869346733,0.576767465977124,0.5972199304225352
1.0,0.581761667017219,0.6393774867500001,0.489899389798995,0.4655634831286784,0.6181628530985916
0.0,0.529475545090879,0.8819578357500002,0.6920887788944723,0.4646568911149622,0.7407538109859155
1.0,0.482049813396358,0.510889781,0.21597726487437185,0.24181440570858698,0.3893740971830985
1.0,0.507138784654347,0.5367391063750001,0.026736324241206033,0.43997129954018777,0.4990842843661973
1.0,0.4868721528633486,0.496403887625,0.35356721356783916,0.4728633750549631,0.4747199029577465
1.0,0.4718642751637676,0.64645570775,0.44073941211055273,0.14193586801490532,0.42962518718309867
1.0,0.33139355564903616,0.256984432,0.24528990683417087,0.26267829983685315,0.1482436376056338
1.0,0.6629963272598468,0.5726138477500001,0.23722811281407033,0.6835768213802795,0.7100870564788733
1.0,0.727768165483042,0.5330744395,0.5694085256281407,0.6021465328066145,0.6907825714084508
1.0,0.41561568984214137,0.6537493762500001,0.5751223040201004,0.2546008223242413,0.44592088971830984
1.0,0.9123565558438506,0.6337981266250001,0.24750580492462312,0.26447898323748936,0.7290598212676056
1.0,0.5975890411631438,0.275037702125,0.29913792839195974,0.5671483498992994,0.4369320290140845
0.0,0.1500978500892003,0.44212159800000006,0.5421575346733668,0.5955721853039271,0.2911384981690141
0.0,0.7112481677587889,0.493578384125,0.3223787325628141,0.20629871794003113,0.4989306592957747
0.0,0.6006406380611761,0.47000745912499997,0.5145879603015076,0.10338238916475216,0.37815252605633803
1.0,0.3094228564208503,0.5215375766250001,0.493125373919598,0.2715827629399227,0.30644587690140845
1.0,0.6668443811450219,0.533922268625,0.5727658256281407,0.6702385411817495,0.6825565011267605
0.0,0.6204899220672685,0.522613431375,0.12663715874371861,0.39074208409168715,0.5372315504225353
0.0,0.24151576993658552,0.6741967751250001,0.40972781190954777,0.6147396643439592,0.4994831692957747
1.0,0.3609824323652532,0.742111467625,0.6734636477386934,0.7551057236126502,0.6684188785915495
1.0,0.19364966733871458,0.6259528455,0.08174924045226131,0.5394227134885459,0.4109137229577465
0.0,0.8104450664179624,0.4153643183750001,0.535507983919598,0.08665521671350654,0.4601893826760564
0.0,0.40034495532473846,0.5541034865,0.6914793070351759,0.5549450009080866,0.4929747473239437
0.0,0.7122138625404587,0.539826597875,0.3528725559296482,0.7557903838269496,0.7468832664788734
0.0,0.5700413975899884,0.832064455125,0.6835075306532663,0.8138095569662471,0.8715253047887324
1.0,0.0,0.6308411865000001,0.0,0.4801074834485143,0.2766956936619719
0.0,0.23723510620085975,0.5609254210000001,0.422705290201005,0.5145489058025948,0.38545330309859155
1.0,0.786405890171164,0.6263942475000001,0.3944454094974874,0.21739170996878127,0.6316726126760563
1.0,0.8599223535707586,0.556179941875,0.4354584979396985,0.3917155700948334,0.6995361781690141
1.0,0.5931547131816141,0.634216172875,0.6910106341708543,0.24572982833269685,0.5343263974647887
0.0,0.7014889485886376,0.653879952875,0.15043757216080403,0.7161080185508468,0.7970735228169015
1.0,0.3857289868855953,0.26984240475,0.26618249256281407,0.30346632857971245,0.20447774408450703
0.0,0.4766268748391951,0.7821626415,0.08025074190954774,0.5500567117572507,0.680370826197183
1.0,0.28194925221412015,0.51471358725,0.4893076598994975,0.3217477210779099,0.3059128957746479
1.0,0.6941606569432804,0.40982746375,0.4596388522110552,0.543277554466561,0.5696073390140846
1.0,0.5198544182317101,0.4868616576250001,0.41115955140703514,0.1826443425918992,0.3728873723943662
0.0,0.4713697296062963,0.37563925487500005,0.03986107240201005,0.32844912543689486,0.3317399187323944
1.0,0.182260388626713,0.44292014837500004,0.5361683713567839,0.2557092861906298,0.17564948830985916
1.0,0.35741132425855593,0.6805715877500002,0.37262072743718594,0.2778236721674989,0.437958447887324
1.0,0.6685829364567181,0.6355354397499999,0.47421606477386935,0.5329207452527954,0.6934565428169015
0.0,0.5545474828240816,0.357394647125,0.7140307110552764,0.3466372474379585,0.3762860750704225
0.0,0.5355585645072013,0.47325663787500005,0.3540800288442211,0.4298446367205791,0.47160595535211275
0.0,0.5796218022731053,0.46119039412499996,0.4900290507035176,0.5689283492476714,0.5449751383098591
0.0,0.442782113632769,0.22855025162499998,0.7722506256281407,0.5751623634825529,0.3196760111267606
1.0,0.4578527234998889,0.532044728125,0.3030304111055276,0.4100353727027971,0.4553121907042254
1.0,0.5214954571486106,0.53401756425,0.8054053361809045,0.4804972566335778,0.5218958102816902
1.0,0.743451297342819,0.690589757625,0.6612294628140704,0.6495043162650926,0.8186042081690141
1.0,0.2924805394884341,0.71508104825,0.42176374748743717,0.39417477750377833,0.46779854140845073
1.0,0.619865831827083,0.534861691125,0.6595201844221106,0.16934882406267093,0.45672673197183106
1.0,0.43501591107412774,0.521168044,0.5394601688442211,0.6096356112062594,0.5142210890140846
0.0,0.46166747593023494,0.510787218625,0.39867087743718593,0.325242022047477,0.4104024663380282
0.0,0.3343341848846296,0.594359676875,0.5207213974874372,0.37073488285318096,0.4066437774647888
0.0,0.5847983623549575,0.564140626875,0.30688050798994976,0.026208310247937704,0.3979232667605634
1.0,0.6612095023595718,0.3093457665,0.24498213864321608,0.7880763302622384,0.5836848488732396
1.0,0.4861723815149669,0.5890165207500001,0.6023809628140704,0.45726698017123235,0.5267962792957748
1.0,0.597086538262047,0.2804193273750001,0.363594212361809,0.3684441199501502,0.3611634140845071
1.0,0.5710927790668077,0.8885467397500002,0.6557214055276382,0.36996743088062684,0.7318427363380282
0.0,0.6326774231734219,0.5655696723750001,0.5755915728643216,0.5296603052727901,0.6267110116901409
0.0,0.35115045506509734,0.553946708875,0.7422794603015075,0.4886870040118728,0.4377122942253521
0.0,0.5541133883854633,0.478257154,0.22906605728643217,0.49344546460719807,0.5108656452112676
1.0,0.8316463358682183,0.747401637,0.7108308135678392,0.48354706907584033,0.8405413408450706
0.0,0.4131004617622458,0.25909239950000007,0.48369597492462313,0.4944292621872868,0.28953229859154933
0.0,0.47003583862572174,0.6273437910000002,0.33877088326633165,0.6524847199851845,0.6190835381690141
1.0,0.42113510644992513,0.4882510830000001,0.2885232182914573,0.1115690833945671,0.28757249211267605
1.0,0.4070833625750514,0.21161689050000004,0.4833765275376884,0.224023350090732,0.1486376605633803
0.0,0.5606728478000922,0.833829166625,0.48006356683417084,0.31442383395571943,0.6690014369014086
0.0,0.6205223074309961,0.28019360837499996,0.2565330815577889,0.5072552044228866,0.4298891730985915
1.0,0.42412116521011944,0.4342799325000001,0.5147039783919598,0.4315398479342624,0.3820491332394366
0.0,0.7260463882961462,0.24360569775000007,0.5473534587939698,0.34530250556179976,0.40442699422535217
0.0,0.49216936321246274,0.21670422875000006,0.5084583376884422,0.41458055349194073,0.2774652591549296
0.0,0.6153689389186051,0.49491578,0.6106899788944723,0.6011184701284831,0.6001710297183098
1.0,0.5270204094401253,1.0,0.8720061201005025,0.16473765915937721,0.6950749026760563
1.0,0.45253835394337316,0.571430808625,0.6259839864321608,0.34442383051732695,0.4510707635211268
0.0,0.6298751117916098,0.548370616,0.6412391075376884,0.23904707399953085,0.49885365563380285
0.0,0.5590962225348377,0.527196118125,0.6465971859296482,0.32445044763020736,0.47773971267605636
0.0,0.4186500994912258,0.9058897015,0.26655264542713564,0.5018242510477425,0.7055812645070423
1.0,0.33101195538912065,0.6186837228750001,0.9999999999999999,0.316754764792008,0.3986417888732395
1.0,0.5385614724038824,0.45012163412500006,0.5492595678391959,0.3744014453814758,0.436688329859155
0.0,0.7218665335169573,0.55770860125,0.6170121050251256,0.7736121151517817,0.7709632485915494
0.0,0.5584278435970013,0.507605039125,0.4087075738190955,0.4775423174885324,0.5257114026760563
0.0,0.848727683595608,0.5494520225,0.8481672085427137,0.3424493783230731,0.669156801971831
0.0,0.6107524074576581,0.67720259875,0.5926846432160804,0.2702567747943256,0.5816433092957747
1.0,0.37126331851361527,0.339092704,0.5086006974874372,0.41057311928010065,0.2824238761971831
1.0,0.5299465950601068,0.4807176865,0.622663956281407,0.393748398220569,0.4586967652112676
1.0,0.7900152717611609,0.37264988275,0.6991474628140704,0.318829651889698,0.513269768028169
0.0,0.40751886312575447,0.7010855152500001,0.4602101270854271,0.46803058623882277,0.5558489029577465
1.0,0.34838761972528465,0.60863963575,0.814361259798995,0.6087972669364881,0.518384589859155
0.0,0.4410716307335437,0.394249130625,0.3433643369849246,0.3533206169270514,0.33560612352112673
0.0,0.5095968890777605,0.606246180875,0.7706934512562814,0.2886059730088728,0.4845291002816902
1.0,0.46755817169314695,0.4672060037500001,0.6421379809045226,0.35900995081036535,0.39967090690140844
1.0,0.7527591682519478,0.49661439124999995,0.2642568933165829,0.5476897003799451,0.6607811616901409
1.0,0.3619567528476987,0.6823781868750001,0.27708567718592964,0.5612045169565506,0.5542135854929577
1.0,0.6556340151663361,0.59662465625,0.5115533989949749,0.29522998303708303,0.5668747316901408
1.0,0.6588085036379808,0.5232273846250001,0.2557328424120603,0.6985705642556753,0.6822738611267607
1.0,0.3835761366862924,0.623721911375,0.47863863663316586,0.5533584526684033,0.5266127094366198
0.0,0.4756199170225782,0.4975132888750001,0.3991149112562814,0.5903194851885343,0.5154040126760564
1.0,0.5536471256529313,0.663706365875,0.5348639698492462,0.17336801125025758,0.5010908209859155
1.0,0.5537110841842239,0.254325811375,0.5731607567839195,0.23457575111466428,0.2660556615492958
0.0,0.5834538232527107,0.606276367875,0.2879958917085427,0.5011725164886536,0.6123199773239436
1.0,0.5099720137577896,0.584345857125,0.4819715889447236,0.19895072256903118,0.4352791004225352
0.0,0.3799696611285167,0.714572662125,0.4340303110552764,0.46390222749347304,0.546552902112676
0.0,0.44581087825626453,0.6480906800000001,0.2073029204522613,0.46105798298288864,0.5420261008450704
0.0,0.628779009494889,0.46847974025000005,0.10704001728643217,0.1348518128037855,0.4062460026760563
1.0,0.6317763205813026,0.779477835375,0.4016319147236181,0.6460636252087381,0.8079421571830987
0.0,0.23872901576273953,0.5664120943750001,0.567780143718593,0.5597601488421612,0.4077162147887324
0.0,0.5668312164660196,0.34033769275000003,0.5634427311557789,0.6320741107025024,0.4859714576056338
1.0,0.4905124677087822,0.43647984362500003,0.4432354278894472,0.3282845315190504,0.38150607901408456
1.0,0.7249060376493236,0.7207195303750001,0.7205146899497487,0.6120114069690541,0.811947193943662
0.0,0.7187979813683837,0.5173578386250001,0.7120606688442211,0.3228058382378275,0.5646756598591549
1.0,0.3502898757356132,0.388897075625,0.45013067879396984,0.44591402016169285,0.3156144550704226
1.0,0.6192333622079088,0.5459769335,0.24681483140703517,0.5509759461510854,0.6148507683098592
0.0,0.6313930713170571,0.685136183875,0.6813237190954774,0.2663903344238079,0.5972612998591549
0.0,0.41561677236688266,0.6687288393749999,0.1490924584924623,0.47732750997655293,0.5438044673239437
0.0,0.41184136848028075,0.6408980508750001,0.6543948211055276,0.3941494207353225,0.49091634887323937
0.0,0.43080090752757616,0.7383119487500001,0.3578727220603015,0.3476790874486067,0.5453447522535211
1.0,0.49437834653591817,0.4079121405,0.6155114487437187,0.2737456192896732,0.34406199760563383
0.0,0.6971792043569277,0.6154585760000001,0.48959008095477385,0.22076407643813473,0.5736694843661971
0.0,0.5586180814838628,0.423381060375,0.7347002005025125,0.6932270143537294,0.5580656474647887
1.0,0.626017568364634,0.795328847875,0.4200376793467337,0.14313465611071818,0.6150051423943661
0.0,0.7320560219763385,0.4305215546250001,0.21420705145728644,0.4165795514363682,0.5546998691549296
0.0,0.5363146440880987,0.4767407387500001,0.16788059291457286,0.6194458496469744,0.5494875225352114
0.0,0.4491731508785748,0.45217929125,0.5173151989949748,0.3807412303288118,0.3879427664788732
1.0,0.6839907864709406,0.6986538162500001,0.40256014994974876,0.15429245347907544,0.5922031304225353
0.0,0.6668983881550768,0.340354499875,0.44955690432160805,0.44104567245264686,0.46897896056338034
0.0,0.6154309982907636,0.776176339,0.04852299442211055,0.5651451236322599,0.7640670687323943
0.0,0.7110219808109292,0.65970004775,0.527519504522613,0.12185452094211548,0.5705638529577466
0.0,0.6314423483839361,0.17693470675,0.26211107994974875,0.19387348354326828,0.24646921380281694
0.0,0.45289692866399156,0.580220824625,0.4564486241708543,0.4993782986031209,0.5183897445070422
1.0,0.4756268995694184,0.34038653475,0.21714338587939702,0.5453205857454353,0.398025969859155
0.0,0.4701434610728681,0.611517526625,0.4030253494974874,0.5010985448113906,0.5490068378873239
1.0,0.3277281418037594,0.593851536625,0.5069691884422111,0.11696079434780356,0.301687323943662
1.0,0.512961564598355,0.6539522857500001,0.43361390969849245,0.2587201254188545,0.5048828953521127
0.0,0.5607860517254376,0.569129550125,0.43588289015075377,0.18792597869570138,0.4511870905633803
1.0,0.5034310272667595,0.7501978893750001,0.450483347638191,0.49445617628777905,0.6538107983098593
0.0,0.42358081408889026,0.4662979156250001,0.5395184467336683,0.2369133141136488,0.32481192535211273
1.0,0.3123949381848373,0.460087716,0.4397771326130653,0.36761427182725454,0.3074099863380282
1.0,1.0,0.2679314072500001,0.3372138495477387,0.23076736058126585,0.5353461607042254
0.0,0.6423666568971397,0.568083210875,0.42168774643216084,0.5592734804719635,0.6457801045070424
0.0,0.7070708788819825,0.32196444600000007,0.5581414854271357,0.4503817297770053,0.4845900121126761
1.0,0.4031425375703255,0.46819701125,0.6073380869346734,0.1356214418934028,0.2738142630985915
1.0,0.4597051914416297,0.646916359625,0.4532558503517588,0.38351013675474577,0.5186558535211268
0.0,0.2597358427080463,0.52362020225,0.5992203301507538,0.10835932197605287,0.21386020323943666
0.0,0.43787297650086554,0.5196993775000001,0.024864570306532666,0.4827724362379625,0.46457217070422535
1.0,0.3360944760262172,0.5865429420000001,0.42771196447236176,0.5091249271435307,0.45760058070422543
1.0,0.8648267323144637,0.6964903732500002,0.523380972361809,0.4594092687105576,0.8182004614084508
0.0,0.4462454964060697,0.23067325412500006,0.7629858050251257,0.3013495250863415,0.21439435732394369
0.0,0.7130740028886094,0.636432499125,0.4796186060301508,0.7728074863645128,0.81533714
0.0,0.6482694353388309,0.4657849476250001,0.38658659301507536,0.30270363347009693,0.4825922485915493
1.0,0.5579962258926819,0.5905884622500001,0.49003465015075376,0.3502225869584811,0.5275119463380282
1.0,0.37872231765805087,0.386789532,0.538536959798995,0.27964431151443786,0.26501039619718314
1.0,0.5359554808984771,0.605390881875,0.7029601216080401,0.36601207640734806,0.5301868423943661
0.0,0.5768331937259047,0.546486015,0.5911087577889448,0.2788068342236216,0.4822898907042254
1.0,0.56988586283181,0.8258479408749999,0.45633504673366826,0.31659326712470615,0.6701394842253521
0.0,0.48949623116630836,0.5866558970000001,0.549405164321608,0.125368760267406,0.3955602283098592
0.0,0.4412344177619275,0.629512688,0.5992324175879397,0.5633223777363123,0.5681143138028169
0.0,0.4796970336271721,0.6932565452500001,0.31059947472361804,0.27680336168847347,0.5174413281690142
1.0,0.3363610272673687,0.6558976915,0.5586375256281406,0.5715748359408654,0.5264948043661972
0.0,0.4075355918248075,0.34461802650000006,0.38895945673366833,0.261083385888039,0.2478860342253521
0.0,0.42103924975155993,0.5830861615,0.4760279967839196,0.517518092802433,0.5086693754929577
0.0,0.25401667930477645,0.430589409375,0.6553426979899497,0.263618664013827,0.21316326830985916
1.0,0.66508419147752,0.5372450245,0.713429832160804,0.22583132555795565,0.5072630919718311
0.0,0.40515631118018647,0.6805635210000001,0.3927516672361809,0.5138629752604457,0.5596388321126762
1.0,0.46667445405296615,0.650211557375,0.5780272849246231,0.18219876581466976,0.44492764084507047
1.0,0.2627914334082223,0.6381927405000001,0.3039155197487437,0.4255050716971447,0.4140769209859155
1.0,0.6151862666006677,0.504777235625,0.5629589331658291,0.47582585181462234,0.5566042483098592
0.0,0.5309418137573251,0.566396028125,0.3964197831658291,0.19317212122833927,0.43394856577464785
1.0,0.6958313277054228,0.34605578825000005,0.5039578462311558,0.6022810080524892,0.5535214164788733
0.0,0.36391717832298087,0.698772728625,0.3222467849246231,0.33903469354930854,0.4775427908450704
1.0,0.46661029721347,0.4279577615000001,0.3605685792964824,0.4161651098814213,0.39694511169014085
1.0,0.7789242241771429,0.38334621987500006,0.491025306080402,0.5233725035730022,0.5946625702816901
1.0,0.4462551098148463,0.548440124875,0.5677229150753769,0.16504164216395212,0.36167369380281694
1.0,0.437359836371935,0.478039749,0.7562328773869347,0.6392632936955512,0.5000115402816903
0.0,0.5292319421234679,0.6013491430000001,0.38761822396984924,0.4399912001430308,0.5530528895774649
1.0,0.3759009027204482,0.44522586775000006,0.37475664346733667,0.850103121542941,0.5267373526760564
0.0,0.5087700594643751,0.6617478993750001,0.3862916830150754,0.577897755328915,0.6339926190140845
1.0,0.5657754225812353,0.451479950125,0.4594359796482412,0.5748608747398107,0.5330525422535211
0.0,0.5748822692914748,0.6038059122500001,0.4707032727638191,0.4036917822239626,0.5670264184507043
1.0,0.7064364788343235,0.79167263175,0.49115956417085427,1.0000000000000002,1.0
1.0,0.775192064188409,0.47581571175000004,0.20627741165829147,0.37095524117014655,0.5906751892957747
1.0,0.44511869103667934,0.6421490680000002,0.3514988442211055,0.3019639288359962,0.47470876197183093
0.0,0.6031492535812563,0.41983910012500003,0.4221857929648241,0.8061888905416976,0.6268024988732395
1.0,0.3267172642227515,0.40597081175000005,0.6015787356783919,0.07182114826759751,0.164129775915493
1.0,0.3101168197395452,0.25375618337500006,0.4386012285929648,0.7118097170142861,0.31192550394366203
0.0,0.7078517582856466,0.6553100140000001,0.4890042609045226,0.5100157232286174,0.7199673078873239
0.0,0.4560245905771495,0.3927377055,0.4485458061809045,0.34427705585619345,0.3398806667605634
0.0,0.6192599637504789,0.680231964625,0.42877884457286425,0.45763576275475687,0.6629804756338029
0.0,0.6213912798576356,0.5730813700000001,0.45435520326633166,0.5184093759716859,0.6204147277464789
1.0,0.5532562656305068,0.5955968455,0.43556701241206036,0.7819018031485249,0.6991790212676057
1.0,0.751973138080171,0.26545456212500007,0.4673036670854271,0.45169677113030055,0.4756867471830986
1.0,0.6549546844915209,0.18836773575,0.08803918788944724,0.33521755751485915,0.3236476042253521
1.0,0.23999171187909785,0.5048043176250001,0.5737835050251257,0.5773945116954219,0.3764359576056338
1.0,0.42695470579664074,0.23008473624999998,0.5488946070351759,0.43612030225802717,0.2561582977464789
0.0,0.2581536777243061,0.844975187625,0.5384210628140703,0.47080515611117096,0.5603543435211267
0.0,0.37147436645585497,0.560839363875,0.6966307959798995,0.4840524385976923,0.4521700152112676
0.0,0.6578677022853917,0.703985985375,0.316191528040201,0.22356229576406927,0.6077523642253522
1.0,0.6309433125477301,0.36198631687500005,0.11652584623115579,0.6046465566342628,0.5264851735211267
1.0,0.3559057256082383,0.450493724125,0.613138532160804,0.34207026400030477,0.3167804869014085
0.0,0.860773845018293,0.30772478925,0.4815947677889447,0.23023431675786799,0.47856825718309864
1.0,0.2663606919832707,0.7114551893750001,0.6946714608040201,0.29553697907127335,0.41101837535211266
1.0,0.6085616337900438,0.33261895325,0.37648340442211053,0.3924765119071882,0.41053253774647885
1.0,0.43261260971791216,0.502267579125,0.3515023395477387,0.37282093431086266,0.4068062297183099
1.0,0.4655744838384549,0.4083089648750001,0.7203890979899497,0.3950618532328026,0.3754805967605634
1.0,0.4564904526585194,0.6500256900000001,0.7341536804020101,0.5565813591872727,0.5873546623943662
1.0,0.4690615931897175,0.57517439675,0.3487206041708542,0.599780521726338,0.5645016819718311
0.0,0.5665021749408858,0.554341816375,0.5429832301507538,0.28735121734789276,0.48453965140845073
1.0,0.6551401607623802,0.455559606,0.5946099904522614,0.043135898432514266,0.3771994585915493
0.0,0.567817460456163,0.3170333727500001,0.12185889974874373,0.3822080820837241,0.3726358957746479
1.0,0.7521756311315836,0.65797306025,0.7456535743718593,0.3339321033100096,0.6778227522535212
1.0,0.717169824415209,0.58474892175,0.7135741778894472,0.1796994670069167,0.5496482453521128
0.0,0.44828054648897586,0.57006772475,0.6798547939698493,0.27738814341713086,0.42114942605633804
1.0,0.4271527178492549,0.5694300225000001,0.5993256155778894,0.4471968731210701,0.47569515197183104
1.0,0.8598493559780506,0.5051219733750001,0.4779556595979899,0.23392040770938316,0.6045362945070423
1.0,0.5538550753068787,0.6503209600000001,0.34616345512562813,0.20003089975540683,0.5033297319718311
0.0,0.5677418844533322,0.4618108846250001,0.8215611306532664,0.09105828496221308,0.34882593380281696
0.0,0.4782273263408575,0.6267103577500001,0.3852248986432161,0.5432550649625117,0.5801248749295775
1.0,0.39735306735239406,0.5971583307499999,0.34106775381909543,0.10934931925804865,0.34170423338028166
0.0,0.34447153846023204,0.735062478,0.6336684969849247,0.2954085451092243,0.4717989946478874
1.0,0.3529934449640889,0.608605024875,0.7887597175879397,0.35798463514291495,0.4215570752112677
1.0,0.6734198645887594,0.615699844125,0.9176507110552764,0.3202499000282252,0.599319436197183
1.0,0.601967859188416,0.40467243075000003,0.5652075211055276,0.6228656897977346,0.5437231818309858
1.0,0.3372682901232783,0.632769049125,0.46653606155778893,0.34814842056019313,0.4237175025352113
0.0,0.4668780066310172,0.32826783325,0.8375509346733667,0.7525792040522613,0.46743215211267614
1.0,0.29712381794486564,0.6618514765,0.6313728904522613,0.3421093035647729,0.41613807436619715
0.0,0.4726214489701954,0.38611675675,0.5498079854271357,0.43278297735396115,0.38056275492957753
1.0,0.5557250544883865,0.317101945125,0.6082154663316582,0.5649244665840549,0.438057946056338
0.0,0.5663447962997157,0.3752172692500001,0.3725825645728643,0.1364023456184556,0.3110380663380282
1.0,0.3294098478223072,0.5906132415,0.6481644381909548,0.3794881772507326,0.40485271619718305
0.0,0.6964310766727367,0.15872477012500003,0.5406042844221106,0.1963972838675747,0.2741358205633803
0.0,0.5596298838306951,0.462564824375,0.6189342125628141,0.39116746503237626,0.4635709454929577
1.0,0.539268242438124,0.51713347075,0.46690158934673365,0.4475390496964103,0.5085524740845071
1.0,0.6435529170026589,0.542948288,0.5918611954773869,0.4656869129309914,0.5933937153521127
1.0,0.6594613314199836,0.6528320037500001,0.2872941635175879,0.6122187494918518,0.7305037177464788
0.0,0.7306084192965133,0.467422859,0.27777907809045227,0.39495715122518493,0.5686390922535212
0.0,0.43970786400679285,0.38844326475,0.618937108040201,0.4346349719597257,0.3634341401408451
0.0,0.3101749395770135,0.16778746037499997,0.42565887246231154,0.18853797150731944,0.04981603408450705
0.0,0.5105163552516205,0.5445130656250001,0.18241807638190957,0.5967741683015424,0.5682941400000001
1.0,0.7660848250982547,0.26761617375,0.4076050713567839,0.4047172885074552,0.4667555673239437
1.0,0.21167037157296198,0.603614778625,0.36471291512562815,0.3873718803377531,0.3470526333802817
